Interação,Categoria
Gostei muito da nossa sessão de hoje. Acho que falamos de assuntos bastante importantes.,APR
Você conversa super bem! É muito agradável conversar com você.,APR
"De fato, a medicação pode te ajudar, mas se você não tivesse agido, tudo estaria igual.",APR
Com certeza! Você tem toda a razão.,APR
Você tomou a decisão certa. Está lidando com isso muito bem!,APR
Que lindo esse teu colarzinho!,APR
"Puxa, eu estava me lembrando da época em que a gente começou a trabalhar juntos. Como as coisas estão mudando! Você lembra que era difícil para você até mesmo vir sozinha para cá? E agora você está se virando sozinha, com o maior desprendimento. Acho muito legal isso!",APR
Que máximo!,APR
Você fez um ótimo progresso desde a nossa última conversa!,APR
É incrível ver o quanto você evoluiu nesse aspecto!,APR
Admiro muito a sua coragem para enfrentar essa situação.,APR
Parabéns pela forma como você lidou com isso!,APR
"Você está certo, essa foi uma excelente escolha.",APR
"Realmente, você tem um jeito muito especial de enxergar as coisas.",APR
Que bacana ver sua dedicação nesse processo!,APR
Eu realmente gosto da sua forma de expressar seus sentimentos.,APR
Isso que você fez foi muito importante!,APR
Fico muito feliz em ver você se esforçando tanto.,APR
Você tomou uma decisão muito sábia.,APR
Que incrível essa sua atitude!,APR
Essa sua maneira de pensar mostra uma maturidade impressionante.,APR
Você lidou muito bem com essa situação difícil.,APR
Estou muito orgulhoso do seu progresso!,APR
Sua capacidade de se adaptar é admirável.,APR
Que bom ver você se sentindo melhor.,APR
Você tem feito um trabalho incrível consigo mesmo.,APR
Eu gosto muito do seu jeito de refletir sobre as coisas.,APR
Que interessante a forma como você analisou essa questão!,APR
Seu esforço realmente está dando frutos!,APR
Essa foi uma ótima maneira de resolver esse problema.,APR
Estou muito contente por ver você avançando assim.,APR
Acho incrível como você está conseguindo se expressar cada vez melhor.,APR
Você realmente se esforçou bastante para chegar até aqui.,APR
Você merece todo o reconhecimento por esse esforço!,APR
Esse é um passo muito importante na sua trajetória.,APR
Sua evolução é perceptível!,APR
É muito inspirador ver sua determinação.,APR
Você tem um talento natural para lidar com essas questões.,APR
Gostei muito da forma como você pensou sobre isso.,APR
Seu comprometimento com o processo terapêutico é exemplar.,APR
"Você está no caminho certo, continue assim!",APR
Que bacana ver você se permitindo experimentar novas perspectivas.,APR
Você tem feito escolhas muito inteligentes ultimamente.,APR
Eu realmente admiro sua paciência e persistência.,APR
É muito bom ver você tão confiante!,APR
Parabéns por reconhecer seus próprios avanços.,APR
Que atitude maravilhosa a sua!,APR
Você conseguiu expressar seus sentimentos de maneira muito clara.,APR
Fico feliz em ver o quanto você está se valorizando mais.,APR
Muito bem! Você encontrou uma ótima solução para essa situação.,APR
Seu raciocínio foi muito perspicaz!,APR
Eu gosto muito do seu senso de humor.,APR
"Que resposta incrível, você realmente captou o ponto!",APR
Seus esforços são realmente impressionantes.,APR
Muito obrigado por compartilhar isso comigo.,APR
"Puxa, que incrível o jeito como você lida com essas dificuldades!",APR
Fiquei realmente impressionado com sua reflexão sobre esse tema.,APR
Sua postura diante desse desafio foi admirável!,APR
Imagino o quanto isso te deixa ansioso.,EMP
"Essa tem sido uma parte crucial da sua vida, né?",EMP
"Com tudo isso que está acontecendo, seria estranho que você ficasse tranquilo, não é mesmo? Acho natural que você tenha se sentido ansioso.",EMP
Como é que você está? Na semana passada você estava muito resfriada.,EMP
Você sabe... eu também já passei por isso... é muito chato quando a gente investe toda a energia em um negócio e ele não dá certo... posso imaginar o quanto você está frustrada.,EMP
"Eu gostaria muito de tê-lo ajudado para mudar essa situação. Eu me pergunto o que poderia ter sido diferente, mas o fato é que não foi possível e eu também me sinto frustrado por isso.",EMP
"Eu não sei qual será a sua decisão nesse caso, mas qualquer que ela seja, eu estou do seu lado.",EMP
Isso parece ser muito difícil para você. Eu posso entender o porquê.,EMP
"Eu vejo o quanto isso está te afetando, e é completamente compreensível.",EMP
Imagino como deve ser doloroso passar por essa situação.,EMP
Não deve estar sendo fácil lidar com tudo isso ao mesmo tempo.,EMP
Eu percebo o quanto isso te preocupa. Faz sentido você se sentir assim.,EMP
"Você está enfrentando algo realmente desafiador, e eu estou aqui para te apoiar.",EMP
O que você está sentindo é totalmente válido. Eu entendo.,EMP
É compreensível que você esteja se sentindo sobrecarregado.,EMP
"Se eu estivesse no seu lugar, também me sentiria assim.",EMP
É natural sentir essa frustração quando algo importante para você não sai como esperado.,EMP
"Eu não posso imaginar completamente o que você está passando, mas estou aqui para te ouvir.",EMP
Você tem todo o direito de sentir o que está sentindo.,EMP
"Eu vejo o quanto você se dedicou a isso, e deve ser difícil lidar com essa situação agora.",EMP
"Sei que não posso resolver isso por você, mas quero que saiba que você não está sozinho.",EMP
"Isso mostra o quanto essa situação significa para você, e faz sentido que você esteja assim.",EMP
"Sei que é um momento complicado, e é totalmente compreensível sua reação.",EMP
"Você pode se abrir, eu estou aqui para te ouvir sem julgamentos.",EMP
"Me parece que isso mexeu muito com você, e faz sentido.",EMP
"Isso parece ser muito importante para você, e eu respeito isso.",EMP
"O seu sentimento é real e legítimo, não há problema em senti-lo.",EMP
"Eu sei que esse momento está sendo difícil, e você tem todo o direito de sentir isso.",EMP
É normal se sentir perdido diante de algo tão significativo.,EMP
"Eu entendo o quanto isso significa para você, e é justo que isso te impacte.",EMP
"Você se dedicou tanto a isso, é natural que sinta essa tristeza agora.",EMP
"É difícil aceitar certas coisas, e eu estou aqui para te apoiar.",EMP
"Eu vejo a dor que isso está te causando, e estou aqui com você.",EMP
"Você tem lidado com tantas coisas ao mesmo tempo, não é de se estranhar que esteja exausto.",EMP
"Sei que não tenho todas as respostas, mas quero te oferecer meu apoio.",EMP
O que você está passando parece muito desgastante. Como posso te ajudar?,EMP
Faz sentido que você esteja se sentindo assim depois de tudo que aconteceu.,EMP
"Essa situação realmente não é fácil, e eu entendo sua frustração.",EMP
"Eu reconheço o seu esforço, mesmo que as coisas não tenham saído como esperado.",EMP
"Isso deve ter sido um grande choque para você, não é?",EMP
"Eu posso perceber o quanto isso te afeta, e você não precisa enfrentar isso sozinho.",EMP
"Sei que você está tentando o seu melhor, e isso é o que realmente importa.",EMP
"Às vezes, parece que nada faz sentido, mas eu estou aqui para te escutar.",EMP
"Eu me importo com o que você está sentindo, e estou disposto a ouvir mais sobre isso.",EMP
"O que aconteceu não é sua culpa, e eu vejo o quanto você está tentando lidar com isso.",EMP
"Você já enfrentou tantas coisas, e eu sei que essa também é difícil.",EMP
É normal sentir medo quando as coisas saem do controle.,EMP
"Eu percebo que você está passando por um momento complicado. Se quiser conversar, estou aqui.",EMP
Tudo o que você está sentindo agora é legítimo. Não há certo ou errado para suas emoções.,EMP
"Eu vejo o quanto você se esforçou, e entendo sua frustração por não ter dado certo.",EMP
Sei que essa situação é dolorosa para você. Você não está sozinho.,EMP
Eu sei o quanto você queria que isso desse certo. É natural sentir essa tristeza.,EMP
Essa experiência deve ter sido muito desgastante para você. Faz sentido que esteja assim.,EMP
Você não precisa carregar tudo sozinho. Eu estou aqui para te apoiar.,EMP
Imagino o quanto você gostaria que as coisas fossem diferentes agora.,EMP
"Se precisar de alguém para te ouvir, estou aqui por você.",EMP
"Eu sei que essa situação é difícil para você, e quero que saiba que estou aqui para te apoiar.",EMP
Parece que isso tem sido um grande desafio para você. Faz sentido que esteja se sentindo assim.,EMP
Sei.,FAC
Hum hum.,FAC
Entendi.,FAC
Certo.,FAC
"Ah, sim.",FAC
Uhum.,FAC
Tá.,FAC
Ok.,FAC
Pois é.,FAC
Nossa.,FAC
Sério?,FAC
Imagino.,FAC
Entendo.,FAC
Aham.,FAC
Pode continuar.,FAC
Humm.,FAC
Sim.,FAC
Ah tá.,FAC
Verdade.,FAC
"Nossa, é mesmo?",FAC
É mesmo?,FAC
"Ah, claro.",FAC
"Entendo, continue.",FAC
Sei como é.,FAC
Sei bem.,FAC
Faz sentido.,FAC
Que interessante.,FAC
Poxa.,FAC
Que coisa.,FAC
Que curioso.,FAC
Olha só.,FAC
Hum...,FAC
Ahn.,FAC
"Ah, entendi.",FAC
Imagino como deve ser.,FAC
Uau.,FAC
Puxa.,FAC
Sério isso?,FAC
Caramba.,FAC
"Hmm, entendi.",FAC
Pode prosseguir.,FAC
Tô acompanhando.,FAC
"Certo, continue.",FAC
"Sim, sim.",FAC
Pode falar.,FAC
"Uhum, tô ouvindo.",FAC
"Ah, entendo.",FAC
"Hum, sei.",FAC
"Nossa, faz sentido.",FAC
"Tá, tô te ouvindo.",FAC
"Ah, entendi.",FAC
Biologia requer vários cursos adicionais de laboratório.,INF
Não. Não conheço um médico com esse nome.,INF
Um ataque de pânico pode ocorrer independentemente de a pessoa ter síndrome do pânico.,INF
Nós nos encontraremos duas vezes por semana.,INF
"Vamos falar sobre a última semana primeiro, depois nós vamos falar um pouco mais sobre a sua situação em casa.",INF
O valor da sessão é $$.,INF
"Durante a exposição, nós vamos trazer para a sessão algo que você teme e você deverá permanecer em contato com ele sem fazer o ritual.",INF
"Eu não gosto desse tipo de procedimento, mas é o único que vai te ajudar nesse momento.",INF
"O tratamento completo dura, em média, seis meses.",INF
Essa técnica é baseada na terapia cognitivo-comportamental.,INF
Os sintomas geralmente diminuem com a prática regular dos exercícios.,INF
A ansiedade pode ser reduzida com técnicas de respiração controlada.,INF
Este medicamento pode levar até duas semanas para começar a fazer efeito.,INF
A terapia de exposição ajuda a reduzir o medo ao longo do tempo.,INF
Mudanças na rotina do sono podem impactar diretamente seu humor.,INF
O estresse prolongado pode afetar sua saúde física e mental.,INF
"A cada sessão, vamos avaliar seu progresso e ajustar as estratégias conforme necessário.",INF
O cérebro processa emoções de forma diferente sob altos níveis de estresse.,INF
Podemos marcar as sessões sempre no mesmo horário para facilitar sua organização.,INF
Evitar situações de ansiedade pode reforçar o medo em longo prazo.,INF
Esse tipo de comportamento pode estar relacionado a um mecanismo de defesa.,INF
"É comum sentir desconforto no início da terapia, mas isso faz parte do processo.",INF
Esse padrão de pensamento está associado ao viés de confirmação.,INF
Podemos testar essa técnica por algumas semanas e ver como você se sente.,INF
"A regulação emocional envolve reconhecer, compreender e gerenciar emoções.",INF
A terapia pode ajudá-lo a identificar padrões negativos e substituí-los por mais adaptativos.,INF
"Os sintomas podem variar de pessoa para pessoa, mesmo dentro do mesmo diagnóstico.",INF
Esse comportamento pode ser um reflexo de experiências passadas.,INF
Podemos trabalhar juntos para encontrar estratégias mais eficazes para lidar com isso.,INF
Estudos mostram que a prática de mindfulness pode reduzir os níveis de estresse.,INF
Os pensamentos automáticos podem influenciar diretamente suas emoções.,INF
Ter uma rotina estruturada pode ajudar na sensação de controle sobre o dia a dia.,INF
A exposição gradual é mais eficaz do que evitar completamente a situação.,INF
"O cérebro tem uma grande capacidade de adaptação, chamada neuroplasticidade.",INF
Podemos utilizar registros escritos para monitorar seu progresso.,INF
Os gatilhos emocionais podem ser identificados e trabalhados ao longo das sessões.,INF
"A motivação pode variar ao longo do tratamento, e isso é normal.",INF
A autoaceitação é um componente essencial para a mudança emocional.,INF
O ambiente pode influenciar diretamente sua resposta emocional.,INF
O sono inadequado pode amplificar a resposta ao estresse.,INF
Podemos definir metas pequenas e progressivas para tornar o processo mais acessível.,INF
A exposição à luz natural pode ajudar a regular o ciclo do sono.,INF
Manter um diário emocional pode ajudar a identificar padrões de pensamento.,INF
O suporte social tem um papel fundamental na saúde mental.,INF
"O medo e a ansiedade ativam áreas específicas do cérebro, como a amígdala.",INF
A repetição de novos comportamentos pode reforçar conexões neurais positivas.,INF
O exercício físico regular pode melhorar seu humor e reduzir a ansiedade.,INF
A regulação emocional envolve reconhecer e aceitar suas emoções sem julgamento.,INF
As estratégias de enfrentamento podem ser adaptadas conforme sua necessidade.,INF
O autoconhecimento é um dos principais objetivos da terapia.,INF
A prática da gratidão pode ajudar a mudar o foco dos pensamentos negativos.,INF
"Talvez o seu problema não seja de motivação, mas que até agora as coisas ainda não deram certo.",INT
"Você se cobra em melhorar o desempenho sexual com seu marido mas, da maneira como você descreve a relação sexual, ela não é satisfatória para você.",INT
"A impressão que eu tenho é que sempre que ele te faz um elogio, ele é seguido por uma crítica, do tipo 'Você foi ótimo na apresentação, mas...'.",INT
"Essa é uma dívida que te persegue, né? Se é por você ou pela gravidez que ele está mudando.",INT
Você se dá conta de que as suas obsessões sempre estão relacionadas a situações nas quais você age por impulso com outras pessoas e depois se arrepende? Aí você fica ruminando sobre o que poderia ter sido diferente.,INT
Você parece mais ansioso que deprimido.,INT
Isso que você acabou de descrever é conhecido pela psiquiatria como Transtorno Obsessivo-Compulsivo.,INT
O teste indica que você tem maior interesse por profissões relacionadas ao cuidado e atendimento de pessoas.,INT
"Então, você está dependente de álcool. Já deve estar começando a beber de manhã, eu suponho.",INT
"Quando você falou que tinha dor de cabeça, eu me lembrei daquelas mulheres que na hora de transar dizem 'Ah, eu não posso, estou com dor de cabeça'.",INT
Imagino que ele tenha sido extremamente gentil nas primeiras semanas e depois...,INT
Acredito que a próxima coisa que ele vai fazer é te convidar para sair.,INT
"Você estava dizendo há pouco que o seu marido não lhe dá a menor atenção, mas agora você está me dizendo uma série de cuidados que ele tem com você.",INT
"Você sente que precisa estar no controle das situações, e quando isso não acontece, sua ansiedade aumenta.",INT
"Parece que sempre que você se aproxima de alguém, sente medo de ser rejeitado e acaba se afastando primeiro.",INT
"Talvez essa raiva que você sente não seja diretamente com a pessoa, mas com a sensação de impotência que a situação traz.",INT
"Eu percebo que quando você fala sobre sua infância, você tende a minimizar os impactos das experiências negativas.",INT
"Você diz que quer mudar, mas suas ações ainda seguem um padrão muito semelhante ao que você quer evitar.",INT
A sua tendência de evitar conflitos pode estar impedindo você de expressar suas necessidades de forma assertiva.,INT
A maneira como você descreve sua relação com seus pais sugere que você ainda busca a aprovação deles em muitas decisões.,INT
"Parece que quando você está sob pressão, sua resposta automática é se isolar.",INT
"Você percebe que, toda vez que recebe uma crítica, sua primeira reação é se justificar em vez de refletir sobre o que foi dito?",INT
"Você descreve sua rotina como exaustiva, mas quando tem um tempo livre, sente culpa por não estar produzindo algo.",INT
"Talvez você não esteja procrastinando por preguiça, mas porque tem medo de não conseguir fazer algo perfeito.",INT
Percebo que você tem um padrão de relacionamentos em que se envolve com pessoas emocionalmente indisponíveis.,INT
O fato de você se sentir responsável pelo bem-estar dos outros pode estar contribuindo para sua sobrecarga emocional.,INT
"Sempre que você fala sobre sua carreira, você se refere a ela como uma obrigação, e não como algo que te traz satisfação.",INT
Talvez essa sua dificuldade em tomar decisões esteja relacionada ao medo de errar e decepcionar as pessoas ao seu redor.,INT
"Você menciona que quer ser independente, mas ao mesmo tempo, sente medo de estar sozinho.",INT
A sua frustração com seu parceiro pode ter mais a ver com expectativas não ditas do que com o que ele realmente faz.,INT
"Parece que quando você se sente inseguro, sua resposta automática é se tornar mais crítico consigo mesmo.",INT
Você já reparou que tende a desconfiar das intenções das pessoas mesmo sem ter evidências concretas?,INT
O fato de você buscar sempre a aprovação dos outros pode estar impedindo você de agir de acordo com seus próprios valores.,INT
"Percebo que, quando algo dá errado, você se culpa imediatamente, mesmo quando não tem controle sobre a situação.",INT
"Talvez a sua dificuldade em expressar emoções seja porque, no passado, sempre que você tentou, foi invalidado de alguma forma.",INT
A sua irritação pode estar mais relacionada ao fato de não se sentir ouvido do que com o que está sendo dito.,INT
"Você se sente confortável ajudando os outros, mas quando precisa de ajuda, tem dificuldade em aceitar.",INT
"Quando você se cobra tanto por não sentir motivação, acaba aumentando ainda mais sua frustração.",INT
"Talvez o seu perfeccionismo esteja te paralisando, pois o medo de errar faz com que você nem tente.",INT
Você já percebeu que suas explosões de raiva acontecem quando sente que está perdendo o controle da situação?,INT
Parece que você evita se aproximar emocionalmente das pessoas porque tem medo de se machucar.,INT
"Sempre que você sente que alguém pode te criticar, você já se antecipa e tenta justificar suas ações.",INT
A sua dificuldade em dizer 'não' pode estar te levando a se sobrecarregar com responsabilidades que não são suas.,INT
"Você busca sempre estar ocupado porque, quando está sozinho, começa a sentir um vazio que não sabe como lidar.",INT
"Percebo que você se sente desconfortável quando recebe elogios, como se não se achasse merecedor.",INT
Talvez o seu medo de falar em público tenha menos a ver com a apresentação em si e mais com a insegurança sobre sua competência.,INT
"Você menciona que evita confrontos, mas isso pode estar te impedindo de resolver conflitos importantes na sua vida.",INT
"Parece que você associa descanso a preguiça, como se relaxar fosse algo errado.",INT
"Sempre que se sente inseguro, você tenta compensar se tornando mais produtivo.",INT
Talvez a sua dificuldade em confiar nas pessoas venha de experiências passadas em que se sentiu traído.,INT
"Você diz que quer superar essa fase difícil, mas parece que ainda está se apegando ao passado.",INT
Sua tendência de sempre ajudar os outros pode estar te afastando de cuidar de si mesmo.,INT
"Parece que quando alguém te critica, você automaticamente assume que não é bom o suficiente.",INT
"Você já percebeu que costuma minimizar seus sentimentos, dizendo que 'não é tão grave assim'?",INT
Talvez sua dificuldade em se abrir emocionalmente esteja ligada ao medo de ser visto como fraco.,INT
"Você menciona que quer melhorar sua autoestima, mas suas ações ainda demonstram muita autocrítica.",INT
"O seu cansaço pode não ser apenas físico, mas um sinal de que você está emocionalmente esgotado.",INT
Parece que você evita pedir ajuda porque acha que isso faria com que os outros te vissem como incapaz.,INT
"Sempre que está em uma situação nova, você automaticamente assume que não vai dar certo.",INT
Talvez essa sua necessidade de controlar tudo ao seu redor esteja te impedindo de relaxar e confiar mais no processo.,INT
"Você diz que quer ser mais sociável, mas quando tem oportunidades, se convence de que não vale a pena tentar.",INT
Sua dificuldade em comemorar suas conquistas pode estar relacionada a uma crença de que você nunca é bom o suficiente.,INT
Aceita uma balinha?,OVT
"Só um minutinho, que eu vou pedir uma água para a secretária.",OVT
"Desculpe, eu me esqueci de desligar o celular.",OVT
"Então, a gente, na semana que vem, faz a sessão na terça-feira, das 15h às 16h.",OVT
Você estava falando sobre sua viagem de férias.,OVT
"Então, você estava me falando sobre o seu receio de prestar vestibular.",OVT
Eu acho que a televisão não deveria mostrar esse tipo de coisa. Não acrescenta nada à vida das pessoas.,OVT
Você quer um café ou um chá antes de começarmos?,OVT
"Acho que esqueci minha caneta, vou pegar outra rapidinho.",OVT
"Semana que vem não terei disponibilidade nesse horário, podemos remarcar?",OVT
"Desculpe, deixei meu computador ligado, deixa eu desligar.",OVT
"A temperatura hoje está bem agradável, né?",OVT
"Ah sim, você estava falando sobre aquele conflito com seu colega de trabalho.",OVT
Você mencionou na última sessão que queria falar mais sobre sua infância.,OVT
"Deixa eu só anotar essa parte, achei interessante.",OVT
"Ah, entendi! Então, voltando ao que você disse antes sobre sua família...",OVT
Esse tema me lembra de um artigo que li recentemente sobre comportamento humano.,OVT
"Nossa, o trânsito hoje estava complicado, quase me atrasei.",OVT
Deixa eu só fechar a janela para evitar esse barulho.,OVT
"Desculpa, mas pode repetir? O telefone tocou e acabei me distraindo.",OVT
"Então, voltando à nossa conversa sobre sua mudança de cidade...",OVT
Lembra que na semana passada você falou sobre sua dificuldade em se expressar?,OVT
"Eu já li algo parecido sobre esse assunto, muito interessante.",OVT
Seu relato me fez lembrar de uma experiência que ouvi outro dia.,OVT
Esse barulho lá fora está te incomodando?,OVT
"Ah, eu gosto muito desse livro que você mencionou!",OVT
"Olha, eu sempre digo que pequenas mudanças já fazem muita diferença.",OVT
"Seu ponto de vista é bem interessante, me faz pensar.",OVT
Quer que eu abra a janela para circular um pouco o ar?,OVT
"Hoje está um dia bonito, não acha?",OVT
"Pode pegar um lenço ali na mesa, se precisar.",OVT
Interessante o que você disse! Vou refletir sobre isso depois.,OVT
Me lembrei agora de uma reportagem que falava sobre isso.,OVT
Quer um copo d'água antes de continuar?,OVT
Que curioso! Eu nunca tinha pensado por essa perspectiva.,OVT
"Você tinha comentado sobre seu chefe antes, quer continuar esse assunto?",OVT
"Nossa, eu também acho que esses filmes têm um impacto cultural enorme.",OVT
Tem algo que eu possa fazer para te deixar mais confortável?,OVT
Fiquei pensando no que você disse semana passada.,OVT
"A propósito, o livro que você indicou é muito bom!",OVT
A gente pode voltar um pouquinho naquele ponto que você trouxe antes?,OVT
"Ah, eu também gosto de música clássica! Ela ajuda a relaxar, né?",OVT
A gente pode agendar a próxima sessão agora se quiser.,OVT
O que você falou me lembrou de um estudo que li uma vez.,OVT
"Desculpa, só um instante, vou fechar a porta.",OVT
"Se precisar de um tempinho para respirar, fique à vontade.",OVT
"Então, na última sessão, você mencionou algo parecido.",OVT
Isso me lembra um documentário que assisti outro dia.,OVT
Eu acredito que esse tipo de reflexão é muito enriquecedor.,OVT
"Nossa, não sabia que isso acontecia com tanta frequência!",OVT
Concordo com você que as redes sociais têm um impacto enorme na vida das pessoas.,OVT
Deixa eu só checar aqui o horário da nossa próxima sessão.,OVT
Esse tipo de pensamento pode gerar reflexões bem profundas!,OVT
"Desculpe, o computador travou, mas já está tudo certo.",OVT
Seu ponto de vista me fez pensar em outra perspectiva.,OVT
"Se sentir necessidade de uma pausa, me avise.",OVT
"Aliás, eu acho que esse tema daria um bom debate!",OVT
Muito interessante! Vou pesquisar mais sobre isso depois.,OVT
Tente conversar com seu pai durante a semana e lhe falar sobre o que você sente nessas situações.,REC
Você deveria cuidar de sua vida e deixar que seu irmão administre as suas próprias coisas.,REC
"Agora me diga o mesmo que você acabou de dizer, só que sem mexer as pernas.",REC
Você não deve se sentir culpado por uma coisa que não foi sua responsabilidade. Lembre-se que nem tudo está sob seu controle.,REC
"Quando você for enfrentar a situação, lembre-se de todas as vezes que você teve sucesso.",REC
Tente repetir a sequência do jogo assim como eu fiz.,REC
Eu vou falar como eu acredito que você deveria conversar com o seu chefe.,REC
Tenho certeza que você é capaz de fazer isso.,REC
Agora vamos fazer um exercício de exposição: experimente pegar na maçaneta dessa porta e ficar por 15 minutos sem lavar as mãos.,REC
Esse assunto é bastante importante. Vamos voltar a falar sobre ele na próxima sessão.,REC
Faça como você achar melhor. O importante é que você registre o máximo de situações que ocorrerem ao longo do dia.,REC
Eu gostaria que você não colocasse os pés no sofá.,REC
Tente respirar fundo antes de responder a situações estressantes.,REC
Você pode experimentar escrever sobre seus sentimentos em um diário.,REC
"Quando sentir ansiedade, tente contar até dez antes de reagir.",REC
Tente manter contato visual ao falar com outras pessoas para demonstrar confiança.,REC
Eu sugiro que você organize sua rotina para incluir mais momentos de lazer.,REC
Agora tente repetir o que eu disse usando suas próprias palavras.,REC
Você deve separar um tempo do seu dia para relaxar e se cuidar.,REC
Experimente substituir pensamentos negativos por afirmações positivas.,REC
Seria bom se você anotasse seus compromissos para não esquecer.,REC
"Ao falar com seu chefe, tente ser mais direto e objetivo.",REC
"Se eu fosse você, tentaria conversar com ele sem levantar a voz.",REC
Você pode praticar essa técnica de relaxamento sempre que sentir ansiedade.,REC
Agora tente imaginar uma situação em que você já teve sucesso no passado.,REC
Tente estruturar seu tempo para não acumular tantas tarefas.,REC
"Quando estiver nervoso, experimente inspirar pelo nariz e expirar pela boca lentamente.",REC
Experimente organizar seu ambiente de trabalho para facilitar sua concentração.,REC
Você deve se permitir descansar sem sentir culpa.,REC
Agora tente descrever essa situação usando mais detalhes.,REC
Você pode fazer uma lista das coisas que gosta em você mesmo.,REC
Tente se lembrar de uma vez em que superou um desafio parecido.,REC
"A partir de agora, tente focar no que você pode controlar.",REC
"Se sentir dificuldade, peça ajuda a alguém de confiança.",REC
Eu sugiro que você experimente essa abordagem antes de desistir.,REC
Você deveria praticar mais a escuta ativa durante as conversas.,REC
Tente visualizar um cenário positivo antes de agir.,REC
"Quando isso acontecer de novo, experimente respirar fundo e contar até cinco.",REC
Agora pratique dizer 'não' de forma assertiva.,REC
Você pode tentar essa técnica de mindfulness todos os dias.,REC
Recomendo que você crie um plano de ação para seus objetivos.,REC
Evite tomar decisões impulsivas quando estiver emocionalmente abalado.,REC
Tente lembrar que você tem direito de expressar seus sentimentos.,REC
Você deve estabelecer limites claros para não se sobrecarregar.,REC
Agora tente reformular essa frase sem ser tão duro consigo mesmo.,REC
"Ao enfrentar uma crítica, experimente avaliar se ela faz sentido antes de reagir.",REC
Você pode criar um ritual de relaxamento antes de dormir.,REC
Sugiro que você escreva suas preocupações em um papel e depois reflita sobre elas.,REC
Experimente substituir a queixa por uma sugestão de solução.,REC
Você deveria fazer uma pausa antes de responder mensagens importantes.,REC
Agora tente pensar em três coisas boas que aconteceram hoje.,REC
Eu quero que você descreva uma situação em que se sentiu confiante.,REC
"Ao perceber pensamentos negativos, tente desafiar sua veracidade.",REC
Você deve reconhecer e celebrar suas pequenas conquistas.,REC
Tente criar um mantra positivo para repetir nos momentos difíceis.,REC
"Se você está com dificuldades, experimente dividir a tarefa em partes menores.",REC
Agora tente se expressar de forma mais clara e objetiva.,REC
"Se estiver se sentindo sobrecarregado, peça ajuda a alguém de confiança.",REC
Você deve se permitir errar sem se punir tanto.,REC
Tente identificar quais situações ativam sua ansiedade.,REC
Agora experimente essa nova abordagem e veja como se sente.,REC
Você pode praticar isso diariamente para ganhar mais confiança.,REC
Me conta... Por que é que você está procurando terapia?,SREL
Quando é que isso começou?,SREL
Você consegue lembrar-se de um exemplo específico no qual isso aconteceu?,SREL
Em que momentos você tem se sentido assim?,SREL
O que você teve vontade de fazer nessa hora?,SREL
O que você pensou antes de fazer o ritual?,SREL
Pode me contar um pouco mais sobre isso?,SREL
O que aconteceu antes dessa situação?,SREL
Como você se sentiu naquele momento?,SREL
O que passou pela sua cabeça quando isso aconteceu?,SREL
Pode descrever um momento recente em que isso ocorreu?,SREL
De que forma isso tem impactado sua rotina?,SREL
Quando foi a primeira vez que você percebeu isso?,SREL
Você pode me dar um exemplo concreto dessa situação?,SREL
Como tem sido lidar com isso no dia a dia?,SREL
O que você fez depois que isso aconteceu?,SREL
Tem algum padrão ou situação específica em que isso ocorre?,SREL
Como as pessoas ao seu redor reagem a isso?,SREL
Quais foram seus pensamentos na hora?,SREL
O que levou você a buscar ajuda para isso agora?,SREL
Você já conversou com alguém sobre isso antes?,SREL
O que você costuma fazer quando sente isso?,SREL
"Como você percebe essa situação hoje, comparado a antes?",SREL
O que mudou desde a última vez que conversamos sobre isso?,SREL
Há algo que você evita por causa disso?,SREL
Você pode descrever como foi a última vez que isso aconteceu?,SREL
O que você estava fazendo pouco antes disso ocorrer?,SREL
Você já passou por algo parecido antes?,SREL
O que mais te preocupa nessa situação?,SREL
"Quando isso acontece, qual é sua primeira reação?",SREL
O que faz você pensar que isso pode ser um problema?,SREL
Como você costuma lidar com esses sentimentos?,SREL
Que tipo de pensamentos surgem quando isso acontece?,SREL
Você já tentou algo para mudar essa situação?,SREL
Tem algo que você gostaria que fosse diferente?,SREL
O que geralmente desencadeia essa sensação?,SREL
Você percebeu alguma diferença na frequência ou intensidade disso?,SREL
Tem algum momento do dia em que isso acontece mais?,SREL
O que você sente no seu corpo quando isso acontece?,SREL
O que você pensa sobre a origem desse problema?,SREL
Alguém já te falou algo sobre esse comportamento?,SREL
O que acontece depois que essa sensação passa?,SREL
Você percebe algum padrão nos dias em que isso acontece?,SREL
Como foi lidar com isso na infância/adolescência?,SREL
O que você faz para tentar aliviar essa sensação?,SREL
Você se lembra da primeira vez que sentiu isso?,SREL
Tem algo que você teme que possa acontecer por causa disso?,SREL
O que você acha que pode estar contribuindo para isso?,SREL
Como isso tem afetado suas relações com outras pessoas?,SREL
"Quando você percebe que essa sensação está vindo, o que faz?",SREL
"Se pudesse descrever essa sensação em uma palavra, qual seria?",SREL
Você já tentou entender de onde vem essa sensação?,SREL
O que você gostaria de fazer a respeito disso?,SREL
"Se isso não fosse um problema, como sua vida seria diferente?",SREL
Como você imagina que seria lidar com isso de outra forma?,SREL
Você tem alguma hipótese de por que isso aconteceu?,SREF
"Gostaria que você pensasse nessa semana sobre o que conversamos hoje, sobre os benefícios que você obtém quando se queixa dessa maneira com sua família",SREF
Você está me dizendo que todos os seus namorados agem com você de forma muito semelhante ao seu pai. Você acha que isso é apenas uma coincidência?,SREF
O que você achou da reação dele?,SREF
Você acha correta a forma como ele agiu?,SREF
"Tendo em vista os últimos acontecimentos, você pode imaginar como será a próxima tentativa dele?",SREF
"E agora, o que você acha que vai acontecer?",SREF
"Eu gostaria que você registrasse as situações que te provocam ansiedade, para que possamos discutir na semana que vem.",SREF
"Vamos fazer uma coisa: eu quero que você anote em um caderninho o que você comeu em cada refeição, a que horas você comeu e se aconteceu algo relevante naquele dia ou logo antes de você comer.",SREF
O que você acha que poderia ter feito diferente nessa situação?,SREF
Por que você acredita que isso continua acontecendo com você?,SREF
"Se você pudesse voltar no tempo, como você reagiria de forma diferente?",SREF
Como você acha que essa situação pode impactar suas escolhas futuras?,SREF
Você percebe padrões de comportamento semelhantes em outras áreas da sua vida?,SREF
Que consequências você acha que essa decisão pode ter no longo prazo?,SREF
Como você pode usar essa experiência para aprender algo sobre si mesmo?,SREF
"Se fosse um amigo seu passando por essa situação, o que você diria para ele?",SREF
O que você sentiu quando isso aconteceu?,SREF
Houve algum momento em que você percebeu uma mudança no seu comportamento?,SREF
O que você acha que motivou essa reação da outra pessoa?,SREF
"Se você pudesse descrever essa experiência em uma palavra, qual seria?",SREF
De que maneira essa situação se conecta com experiências passadas suas?,SREF
Qual você acha que foi o gatilho para essa emoção?,SREF
"Se você pudesse mudar um aspecto dessa interação, qual seria?",SREF
Você consegue identificar padrões de comportamento semelhantes em outras áreas da sua vida?,SREF
"Se essa situação ocorresse novamente, o que você faria diferente?",SREF
Quais estratégias você pode usar para lidar melhor com esse tipo de situação no futuro?,SREF
O que você acha que pode estar por trás dessa sua reação emocional?,SREF
Você acredita que esse padrão de comportamento tem te ajudado ou prejudicado?,SREF
Você já passou por algo parecido antes? Como reagiu naquela ocasião?,SREF
O que mudou desde a última vez que você se sentiu assim?,SREF
Qual você acha que é a origem desse comportamento?,SREF
Como você acha que sua família influenciou nessa forma de pensar?,SREF
O que essa situação te ensina sobre suas próprias necessidades emocionais?,SREF
"Se você pudesse dar um conselho a si mesmo sobre essa situação, qual seria?",SREF
O que você gostaria que tivesse acontecido de diferente?,SREF
Como você acha que sua percepção influencia suas emoções?,SREF
De que forma esse evento pode estar relacionado a outros momentos importantes da sua vida?,SREF
O que você acha que pode ter levado essa pessoa a agir dessa maneira?,SREF
Você se sentiu ouvido e compreendido nessa situação? Por quê?,SREF
"Se você pudesse atribuir uma nota para a sua reatividade emocional nessa situação, qual seria?",SREF
Você acha que essa forma de lidar com o problema é a melhor para você?,SREF
Como você poderia abordar essa situação de forma diferente?,SREF
Você tem percebido algum padrão na forma como você reage a situações semelhantes?,SREF
O que você espera ganhar ao manter esse comportamento?,SREF
"Se você olhasse para essa situação de fora, o que diria para si mesmo?",SREF
Você sente que tem controle sobre como reage nessas situações?,SREF
O que você acredita que pode estar impedindo você de mudar esse padrão?,SREF
Qual é a sua maior preocupação em relação a essa situação?,SREF
O que você pode fazer para se sentir mais no controle quando isso acontecer novamente?,SREF
Quais emoções você acha que estão envolvidas nessa situação?,SREF
"Se você tivesse que explicar essa experiência para outra pessoa, como faria?",SREF
Como você poderia testar uma nova abordagem para lidar com esse problema?,SREF
Você acha que essa situação se repete por acaso ou tem algo que você pode mudar?,SREF
Como você pode aplicar o que aprendeu aqui na sua vida fora da terapia?,SREF
O que você pode fazer para garantir que esteja cuidando bem de si mesmo nessa situação?,SREF
Você acha que essa sua percepção sobre o evento é precisa ou pode estar influenciada por emoções?,SREF
"Eu quero ajudá-la, mas é impossível fazermos alguma coisa com tantos atrasos. O que nós podemos fazer em 10 minutos de sessão?",REP
"Eu fico muito irritado quando você fala comigo dessa forma e, quando isso acontece, a vontade que eu tenho é de te tratar da mesma forma.",REP
"Eu vou continuar a atendê-lo porque para mim é um desafio, mas eu não gostei de você.",REP
"Quando resolvi sair da casa de meus pais, eu tinha plena consciência de que eu deveria me sustentar, e não ficar esperando que meus pais me ajudassem.",REP
Eu não acho que seja assim.,REP
As coisas são muito mais simples do que você pinta.,REP
"Eu penso que você faz bem algumas coisas, tais como supervisionar, monitorar, mas às vezes você entra em uma escalada de castigo, castigo, castigo.",REP
Você de fato pensa que sua mãe deveria deixá-lo vir para casa quando você quer?,REP
Eu vou pegar uma xícara de café. Eu estou perdido.,REP
Eu acho que a gente faz escolhas. Você pode continuar fugindo de escolher uma profissão... há tantas pessoas que preferem ser donas de casa e lavar as roupas do marido o resto da vida.,REP
Eu não consigo acreditar que você ainda está insistindo nisso.,REP
"Sinceramente, acho que você está exagerando.",REP
Isso não faz o menor sentido.,REP
Você não acha que já passou da hora de mudar essa atitude?,REP
"Se você continuar assim, não vai chegar a lugar nenhum.",REP
Você está se sabotando e nem percebe.,REP
A vida não é tão complicada quanto você está pintando.,REP
Você realmente acha que essa é uma desculpa válida?,REP
Eu não entendo como você pode continuar cometendo os mesmos erros.,REP
É frustrante ver você insistindo nisso.,REP
"Talvez se você prestasse mais atenção, não estaria nessa situação.",REP
Você sempre encontra um jeito de se vitimizar.,REP
"Se você não mudar essa mentalidade, nada vai mudar.",REP
Acho que você está se escondendo atrás dessa desculpa.,REP
Isso é pura teimosia.,REP
Você deveria parar de se iludir.,REP
Não adianta reclamar se você não faz nada para mudar.,REP
Isso parece uma tentativa de manipulação emocional.,REP
"Se você quer ser levado a sério, precisa agir como um adulto.",REP
Sério que você ainda acredita nisso?,REP
Eu não posso concordar com essa lógica distorcida.,REP
Você está complicando algo que é simples.,REP
Acho que você está apenas tentando chamar atenção.,REP
Isso não passa de autoindulgência.,REP
Você já pensou que pode estar errado?,REP
Você quer uma solução ou só quer continuar se lamentando?,REP
Eu não posso apoiar essa atitude.,REP
Você espera que eu concorde com isso?,REP
"Se você realmente se importasse, faria algo a respeito.",REP
Esse tipo de comportamento é autodestrutivo.,REP
Eu vejo você sempre repetindo os mesmos padrões.,REP
Não é justo que você jogue toda a responsabilidade nos outros.,REP
A vida não vai te dar tudo de mão beijada.,REP
"Se você não quer ajuda, então por que está aqui?",REP
Eu não consigo entender por que você age assim.,REP
Isso parece um jogo de manipulação.,REP
Será que você está sendo sincero consigo mesmo?,REP
Acho que você só quer ouvir o que te convém.,REP
Talvez seja hora de crescer.,REP
Não acho que essa seja a maneira correta de lidar com a situação.,REP
Você está distorcendo os fatos para justificar suas ações.,REP
"Se você continuar assim, não espere que as pessoas te apoiem.",REP
Parece que você sempre tem uma desculpa pronta.,REP
Essa atitude só está te afastando das pessoas.,REP
Não vejo como isso pode te ajudar de alguma forma.,REP
"Se fosse tão simples, você já teria resolvido.",REP
Você precisa parar de fugir da responsabilidade.,REP
Isso me parece mais uma justificativa do que uma solução.,REP
Acho que você está se enganando.,REP
"Se continuar assim, não espere um resultado diferente.",REP
